{
    "RMSE": 1.032075849280745,
    "Precision@10": 0.5693762729552759,
    "Recall@10": 0.446353577597058
}