{
    "RMSE": 1.022276156768975,
    "Precision@10": 0.7237977410829995,
    "Recall@10": 0.5387519964822798
}